feature,corr_with_y
Exercise_frequency,-0.261021606563647
Alcohol_consumption,0.2498629247962866
Smoking_status_Yes,0.07871484102424534
Age,-0.04630839256120066
Gender_Male,0.023743413400057502
