feature,mutual_info
Exercise_frequency,0.08873046272101393
Smoking_status_Yes,0.040782159106610205
Alcohol_consumption,0.020057577800584703
Age,0.009396499672543746
Gender_Male,0.0
