feature,corr_with_y
Exercise_frequency,-0.26102160656364753
Alcohol_consumption,0.24986292479628722
Smoking_status_Yes,0.07871484102424542
Age,-0.0463083925612007
Gender_Male,0.023743413400057506
