{
  "threshold": 0.5048434390478295,
  "auc": 0.916312916919345,
  "precision": 0.8547717842323651,
  "recall": 0.865546218487395,
  "f1": 0.860125260960334,
  "support_pos": 238,
  "n_samples": 432,
  "plots": {
    "roc": "reports\\holdin_roc.png",
    "pr": "reports\\holdin_pr.png",
    "cm": "reports\\holdin_cm.png"
  }
}