{
  "threshold": 0.5052273455588798,
  "auc": 0.9697327384562072,
  "precision": 0.9065040650406504,
  "recall": 0.9369747899159664,
  "f1": 0.9214876033057852,
  "support_pos": 238,
  "n_samples": 432,
  "plots": {
    "roc": "reports/holdin_roc.png",
    "pr": "reports/holdin_pr.png",
    "cm": "reports/holdin_cm.png"
  }
}